{"cameraMode":{"drawMode":0,"name":"Shaded","section":"Shading Mode"},"sceneLighting":true,"audioPlay":false,"sceneViewState":{"showFog":true,"showMaterialUpdate":false,"showSkybox":true,"showFlares":true,"showImageEffects":true,"showParticleSystems":true},"in2DMode":false,"pivot":{"x":0.07711634784936905,"y":-0.6647423505783081,"z":3.9575984477996828},"rotation":{"x":0.07822490483522415,"y":0.011957919225096703,"z":-0.000937392411287874,"w":0.9968816637992859},"size":2.4142704010009767,"orthographic":false}