{"cameraMode":{"drawMode":0,"name":"Shaded","section":"Shading Mode"},"sceneLighting":true,"audioPlay":false,"sceneViewState":{"showFog":true,"showMaterialUpdate":false,"showSkybox":true,"showFlares":true,"showImageEffects":true,"showParticleSystems":true},"in2DMode":false,"pivot":{"x":2.0639491081237795,"y":-0.12070709466934204,"z":-2.37089467048645},"rotation":{"x":0.07791124284267426,"y":0.6990523934364319,"z":-0.0770711898803711,"w":0.7066475749015808},"size":1.4246199131011963,"orthographic":false}